,article_source,article_post_date_type,article_title,article_url,article_claim
0,Phil McGraw,"stated on April 16, 2020 in a Fox News appearance:","There are “360,000 (deaths) a year from swimming pools. But we don’t shut the country down for that.”",/factchecks/2020/apr/17/phil-mcgraw/dr-phils-faulty-point-about-coronavirus-and-swimmi/,false
1,Gretchen Whitmer,"stated on April 15, 2020 in an April 15, 2020 press conference:","“During the flu pandemic of 1918, some cities lifted social distancing measures too fast, too soon, and created a second wave of pandemic.”",/factchecks/2020/apr/17/gretchen-whitmer/what-1918-flu-pandemic-shows-us-about-social-dista/,mostly-true
2,Tweets,"stated on April 10, 2020 in a Twitter post:","“Per order from @GovWhitmer, people in Michigan are now banned from purchasing a new baby car seat in stores.”",/factchecks/2020/apr/17/tweets/michigan-residents-can-still-buy-car-seats/,false
3,Ron DeSantis,"stated on April 14, 2020 in an April 14, 2020 press briefing:","“Obesity is, like, the No. 1 factor in whether you really get hit hard by COVID-19.”",/factchecks/2020/apr/17/ron-desantis/obesity-top-risk-factor-covid-19-hospitalizations/,half-true
4,Donald Trump,"stated on April 16, 2020 in a tweet:",Says House Speaker Nancy Pelosi deleted a video of her telling people to go to Chinatown.,/factchecks/2020/apr/16/donald-trump/donald-trump-falsely-claims-nancy-pelosi-deleted-v/,false
5,Facebook posts,"stated on April 16, 2020 in a post on Facebook:",“Africans living in China now being forced to sleep outside in the cold” as “Chinese nationals blame them for the rising number of new coronavirus cases in the country.”,/factchecks/2020/apr/16/facebook-posts/yes-africans-are-being-evicted-china-amid-fear-sec/,true
6,Barack Obama,"stated on April 14, 2020 in his online video endorsement of Joe Biden for president:","Republicans “have shown themselves willing to cut millions off their health insurance and eliminate preexisting condition protections for millions more, even in the middle of this public health crisis.""",/factchecks/2020/apr/16/barack-obama/obama-gops-stance-preexisting-conditions-base-espe/,true
7,Facebook posts,"stated on March 31, 2020 in posts on the Internet:","If you ask Amazon’s Alexa about the origin of the coronavirus pandemic, it says “the government planned” it.",/factchecks/2020/apr/16/facebook-posts/no-amazons-alexa-doesnt-say-government-planned-cor/,false
8,Facebook posts,"stated on April 9, 2020 in a Facebook post:","Says all Vegas hotels but Trump’s have donated food, rooms in COVID response.",/factchecks/2020/apr/16/facebook-posts/trumps-vegas-hotel-hasnt-made-donations-it-isnt-on/,barely-true
9,Pat Toomey,"stated on April 15, 2020 in a Politico interview:","“In a matter of days, and in some cases the moment may even have passed, that we’ve reached the peak of the rate of infections.”",/factchecks/2020/apr/16/pat-toomey/us-sen-pat-toomey-says-coronavirus-outbreak-has-re/,half-true
10,Facebook posts,"stated on April 12, 2020 in an image:",Says Dr. Anthony Fauci “stands to lose 100 million dollars on Bill Gates ‘vaccine’ for the coronavirus. Because he invested in this vaccine.”,/factchecks/2020/apr/15/facebook-posts/facebook-posts-falsely-claim-dr-fauci-has-millions/,false
11,Kellyanne Conway,"stated on April 15, 2020 in an interview on ""Fox & Friends"":","""This is COVID-19, not COVID-1, folks. And so you would think the people charged with the World Health Organization facts and figures would be on top of that.""",/factchecks/2020/apr/15/kellyanne-conway/kellyanne-conway-misleads-name-covid-19-says-its-n/,false
12,YouTube videos,"stated on April 12, 2020 in social media posts:","The $1,200 coronavirus relief checks this year are “just an advance on your next tax return. … Next year, you're automatically going to owe $1,200 come tax season.”",/factchecks/2020/apr/15/youtube-videos/no-you-dont-have-pay-back-your-stimulus-check/,false
13,Facebook posts,"stated on April 12, 2020 in a Facebook post:",Says Michigan COVID-19 order bans gardening and the sale of vegetable seeds and fruit.,/factchecks/2020/apr/15/facebook-posts/covid-order-doesnt-ban-gardening-or-sale-seeds-and/,false
14,Viral image,"stated on April 5, 2020 in a Facebook post:",Says 44 senators “voted NOT to send stimulus checks.”,/factchecks/2020/apr/15/viral-image/senate-voted-unanimously-favor-stimulus-bill/,false
15,Viral image,"stated on March 26, 2020 in a Facebook post:",A photo shows two Italian nurses in a hospital a few days before they got COVID-19 and died.,/factchecks/2020/apr/15/viral-image/no-isnt-photo-italian-nurses-kissing-hospital/,false
16,Lori Lightfoot,"stated on April 7, 2020 in remarks at a news conference:","“Illinois lags way behind all of our neighbors and certainly we’re in the bottom tier of states that are doing testing.""",/factchecks/2020/apr/15/lori-lightfoot/has-illinois-fallen-behind-other-states-testing-co/,half-true
17,AFL-CIO,"stated on April 13, 2020 in a Facebook post:","""The Postal Service is not losing money because of Amazon. It’s losing money because in 2006, the Republican-led Congress passed a law forcing it to prepay its pensions for 75 years, which no other corporation does ... Without this law, the Postal Service would be turning a profit.”",/factchecks/2020/apr/15/afl-cio/widespread-facebook-post-blames-2006-law-us-postal/,half-true
18,Facebook posts,"stated on April 10, 2020 in Facebook posts:",Images show COVID-19 victims being buried in mass graves in New York City.,/factchecks/2020/apr/15/facebook-posts/fact-checking-posts-about-mass-graves-nyc/,mostly-true
19,Viral image,"stated on April 13, 2020 in a Facebook post:","“Corona is so bad, this guy died twice!”",/factchecks/2020/apr/15/viral-image/these-headlines-dont-prove-fake-news-about-covid-1/,false
20,Bobby Scott,"stated on April 2, 2020 in a radio interview.:","”If you line up all the countries that have done (Covid-19) testing on a per-capita basis, we’re at the bottom of the list.”",/factchecks/2020/apr/15/bobby-scott/did-us-april-rank-last-capita-covid-19-testing/,false
21,Viral image,"stated on April 10, 2020 in a Facebook post:",Says a video shows a “gay party in Italy few weeks before COVID-19.”,/factchecks/2020/apr/14/viral-image/isnt-video-gay-party-italy-just-pandemic/,false
22,Facebook posts,"stated on April 6, 2020 in a Facebook post:","Says the Asian, Hong Kong, swine and bird flus each “killed more people than coronavirus.”",/factchecks/2020/apr/14/facebook-posts/too-soon-compare-number-covid-deaths-past-outbreak/,false
23,Donald Trump,"stated on April 13, 2020 in in a White House briefing:",Says as president he has “total” authority to re-open states amid the COVID-19 pandemic.,/factchecks/2020/apr/14/donald-trump/trumps-ridiculous-statement-about-total-authority-/,pants-fire
24,Facebook posts,"stated on March 31, 2020 in a Facebook post:",Says there’s an 800 number you can call to track the status of your stimulus check.,/factchecks/2020/apr/14/facebook-posts/no-there-isnt-phone-number-call-track-your-stimulu/,pants-fire
25,Facebook posts,"stated on April 13, 2020 in a Facebook post:",“Michigan Governor Gretchen Whitmer bans buying US flags during lockdown.”,/factchecks/2020/apr/14/facebook-posts/michiganders-arent-banned-buying-american-flags/,false
26,Kathy Hochul,"stated on April 8, 2020 in a television interview:","Gov. Andrew Cuomo “was simply saying if we can share 20 percent of your excess, your non-used ventilators, to help people in other parts of the state on a voluntary basis, that would be great. Of course, there was a reaction to that, which was not positive.""",/factchecks/2020/apr/14/kathy-hochul/hochul-rewrites-history-ventilator-claim/,pants-fire
27,Candace Owens,"stated on April 6, 2020 in a tweet:",“Everyone is only dying of coronavirus now.”,/factchecks/2020/apr/14/candace-owens/covid-19-skeptics-say-theres-overcount-doctors-fie/,false
28,Rick Santorum,"stated on April 13, 2020 in on CNN:","""The president looks like he was ahead of the curve – as you know, he talks about this all the time – on shutting down travel from China.""",/factchecks/2020/apr/14/rick-santorum/rick-santorum-said-trump-was-ahead-curve-china-tra/,barely-true
29,Bloggers,"stated on April 9, 2020 in a blog post:","“Church services can’t resume until we’re all vaccinated, says Bill Gates.”",/factchecks/2020/apr/13/blog-posting/no-bill-gates-didnt-say-no-church-services-until-e/,false
30,Tweets,"stated on April 5, 2020 in social media posts:","Say televangelist Pat Robertson said some young people “are doing all kinds of unnatural things with their sex organs. When people do that, they transfer all kinds of chemicals from ladies’ private parts and that’s where I think the (corona)virus came from.”",/factchecks/2020/apr/13/tweets/no-pat-robertson-didnt-say-covid-19-caused-oral-se/,pants-fire
31,Donald Trump,"stated on April 13, 2020 in a tweet:","""It is the decision of the President,"" not governors, to ""open up the states.""",/factchecks/2020/apr/13/donald-trump/trumps-false-claim-its-him-not-governors-open-stat/,false
32,Facebook posts,"stated on March 29, 2020 in a Facebook post:","Says CEOs got advance notice of COVID, then resigned to dump stock.",/factchecks/2020/apr/13/facebook-posts/ceos-didnt-resign-trade-stock-covid-tip/,false
33,Facebook posts,"stated on March 27, 2020 in a Facebook post:",Says video of body bags being dumped in a ditch shows the “situation in Italy” due to the coronavirus.,/factchecks/2020/apr/13/facebook-posts/no-video-doesnt-show-italys-covid-19-victims-body-/,false
34,Facebook posts,"stated on April 10, 2020 in a Facebook post:",“Mass vaccination for COVID-19 in Senegal was started yesterday (4/8) and the first 7 CHILDREN who received it DIED on the spot.”,/factchecks/2020/apr/13/facebook-posts/no-seven-children-senegal-didnt-die-after-covid-19/,false
35,Joe Biden,"stated on April 5, 2020 in an ABC ""This Week"" interview:","""45 nations had already moved” to enforce travel restrictions with China “before the president moved.”",/factchecks/2020/apr/13/joe-biden/joe-bidens-claim-about-donald-trumps-slow-travel-r/,half-true
36,DeAnna Lorraine,"stated on April 12, 2020 in a tweet that was retweeted by President Donald Trump:","Says of COVID-19 that Dr. Anthony Fauci ""was telling people on February 29th that there was nothing to worry about and it posed no threat to the US public at large.""",/factchecks/2020/apr/13/deanna-lorraine/tweet-amplified-trump-misleads-faucis-late-februar/,barely-true
37,Tweets,"stated on April 4, 2020 in a tweet:",Suggests Trump urged sick people to get out and vote during COVID-19 pandemic,/factchecks/2020/apr/13/tweets/2016-video-trump-urging-sick-people-vote-resurface/,false
38,Bernie Sanders,"stated on April 8, 2020 in an op-ed published in The Guardian:","“It has been estimated that only 12% of workers in businesses that are likely to stay open during this crisis are receiving paid sick leave benefits as a result of the second coronavirus relief package.""",/factchecks/2020/apr/13/bernie-sanders/sanders-coronavirus-relief-effort-congress-fell-sh/,mostly-true
39,Facebook posts,"stated on April 6, 2020 in a Facebook post:",“Same little boy died of COVID-19 in three different countries. Still don’t believe the media is #fakenews?”,/factchecks/2020/apr/13/facebook-posts/doctored-images-coronavirus-post-exploit-boys-suic/,pants-fire
40,Viral image,"stated on April 4, 2020 in a Facebook post:",“‘Private’ messages sent to individual people during a Zoom meeting show up in the end-of-meeting transcript along with all other public messages.”,/factchecks/2020/apr/13/viral-image/private-messages-sent-zoom-meeting-hosts-could-app/,half-true
41,Facebook posts,"stated on April 6, 2020 in a Facebook post:",Says a photo shows South Carolina after stay-at-home orders were announced.,/factchecks/2020/apr/13/facebook-posts/old-photo-houston-not-south-carolina-during-pandem/,false
42,Facebook posts,"stated on April 7, 2020 in a Facebook post:",Says Robin Vos wore protective gear that “election workers he forced to work … do not have.”,/factchecks/2020/apr/10/facebook-posts/robin-vos-election-protective-gear-was-available-p/,barely-true
43,Ron DeSantis,"stated on April 9, 2020 in a meeting:","""This particular pandemic is one where I don’t think nationwide, there’s been a single fatality under 25.""",/factchecks/2020/apr/10/ron-desantis/florida-governor-falsely-claims-novel-coronavirus-/,pants-fire
44,Facebook posts,"stated on April 3, 2020 in a Facebook post:",Says fluid milk production limitations mean grocery stores are short on milk even as farmers are dumping it,/factchecks/2020/apr/10/facebook-posts/are-bottling-limitations-liquid-milk-blame-milk-du/,half-true
45,Facebook posts,"stated on April 7, 2020 in an image:","Says Donald Trump ""himself has a financial stake in the French company that makes the brand-name version of hydroxychloroquine.”",/factchecks/2020/apr/09/facebook-posts/trump-has-tiny-financial-stake-company-manufacture/,half-true
46,Facebook posts,"stated on March 31, 2020 in a Facebook post:","“The CDC issued its first warning on Jan 8. Trump held campaign rallies on Jan 9, Jan 14, Jan 28, Jan 30, Feb 10, Feb 19, Feb 20, Feb 21, & Feb 28. He golfed on Jan 18, Jan 19, Feb 1, Feb 15, Mar 7, Mar 8. The first time he admitted the coronavirus might be a problem was Mar 13.”",/factchecks/2020/apr/09/facebook-posts/viral-post-compares-dates-when-trump-admitted-coro/,half-true
47,Facebook posts,"stated on March 24, 2020 in a Facebook post:",Says a pandemic occurs exactly every 100 years.,/factchecks/2020/apr/09/facebook-posts/pandemics-covid-havent-hit-exactly-every-100-years/,false
48,Instagram posts,"stated on March 18, 2020 in an Instagram post:","Says “Bill Gates and other globalists, in collaboration with pharmaceutical companies, are reportedly working to push tracking bracelets and ‘invisible tattoos’ to monitor Americans during an impending lockdown.”",/factchecks/2020/apr/09/instagram-posts/post-about-bill-gates-work-vaccine-tracking-distor/,barely-true
49,Tweets,"stated on April 5, 2020 in a post:","Says Rudy Giuliani ""bought $2M in shares of Novartis, a primary supplier of hydroxychloroquine"" in early February.",/factchecks/2020/apr/09/tweets/fact-checking-rudy-giulianis-ties-hydroxychloroqui/,false
50,Instagram posts,"stated on March 17, 2020 in social media posts:","“While all COVID-19 news has been going on, the U.S. Government has been sneakily trying to remove end-to-end encryption” which means “the government will be able to see all of your messages and listen to all of your calls.”",/factchecks/2020/apr/09/instagram-posts/government-sneakily-trying-change-encryption-rules/,barely-true
51,Viral image,"stated on April 5, 2020 in a Facebook post:",People are handing out masks “doused with chemicals which knocks you out cold” so they can rob you.,/factchecks/2020/apr/09/viral-image/widespread-warning-about-thieves-knocking-out-thei/,false
52,Facebook posts,"stated on April 5, 2020 in a Facebook post:","“In Italy, they have thrown their money on the streets. A clear message to the whole world that money is not enough when health is in danger.”",/factchecks/2020/apr/09/facebook-posts/photos-show-money-streets-venezuela-2019-not-italy/,false
53,Viral image,"stated on April 8, 2020 in a Facebook post:","Says a California surfer was “alone, in the ocean,” when he was arrested for violating the state’s stay-at-home order.",/factchecks/2020/apr/09/viral-image/la-county-sheriffs-deputies-arrested-paddle-boarde/,mostly-true
54,Facebook posts,"stated on April 6, 2020 in a Facebook post:","“North Carolina & Virginia State line is closed. Nothing in or out.""",/factchecks/2020/apr/08/facebook-posts/no-north-carolina-didnt-shut-down-its-borders-prev/,pants-fire
55,Facebook posts,"stated on April 6, 2020 in a Facebook post:",Says this poem about people staying home was written by Kathleen O’Mara in 1869.,/factchecks/2020/apr/08/facebook-posts/viral-poem-about-staying-home-was-written-2020-not/,false
56,John Bel Edwards,"stated on April 5, 2020 in a CNN interview:","Says of the coronavirus threat, “there was not a single suggestion by anyone, a doctor, a scientist, a political figure, that we needed to cancel Mardi Gras.”",/factchecks/2020/apr/08/john-bel-edwards/louisiana-governor-right-there-was-no-suggestion-m/,true
57,Facebook posts,"stated on April 1, 2020 in a Facebook post:","“Non-essential people get to file for unemployment and make two to three times more than normal,” but essential workers still on the job get no pay raise.",/factchecks/2020/apr/08/facebook-posts/only-few-get-unemployment-pay-raise/,half-true
58,Viral image,"stated on April 6, 2020 in a Facebook post:",“59 people die as pastor gives them dettol to drink in church to prevent coronavirus.”,/factchecks/2020/apr/08/viral-image/no-evidence-59-people-died-drinking-disinfectant-p/,false
59,Donald Trump,"stated on April 6, 2020 in a White House briefing:",The Obama administration left Trump with a “stockpile with a cupboard that was bare.”,/factchecks/2020/apr/08/donald-trump/trump-said-obama-admin-left-him-bare-stockpile-wro/,barely-true
60,Viral image,"stated on March 31, 2020 in a Facebook post:","“If you’ve let somebody claim your kids for income tax purposes, you will not receive a stimulus check. The person who claimed your kids is gonna get it.”",/factchecks/2020/apr/08/viral-image/whos-eligible-receive-stimulus-aid-dependent-child/,half-true
61,Viral image,"stated on April 2, 2020 in a Facebook post:",Says video shows “the Chinese are destroying the 5G poles as they are aware that it is the thing triggering the corona symptoms.”,/factchecks/2020/apr/07/viral-image/no-video-doesnt-show-people-china-destroying-5g-po/,false
62,Facebook posts,"stated on April 2, 2020 in a Facebook post:",Says Goodwill used the pandemic “to fire all of their employees instead of laying them off.”,/factchecks/2020/apr/07/facebook-posts/some-goodwill-employees-have-been-laid-and-furloug/,false
63,Viral image,"stated on April 6, 2020 in a Facebook post:",Says Queen Elizabeth said Philippine President Rodrigo Duterte “is the kind of leader who knows the way .... Filipinos are very lucky to have him.”,/factchecks/2020/apr/07/viral-image/no-queen-elizabeth-didnt-praise-philippine-preside/,pants-fire
64,Charlie Kirk,"stated on April 3, 2020 in a tweet:",“The Chinese Communist Party is using Zoom as a way to spy on our citizens.”,/factchecks/2020/apr/07/charlie-kirk/china-spying-you-through-zoom-charlie-kirk-oversta/,barely-true
65,Viral image,"stated on April 2, 2020 in a Facebook post:",Photo shows a crowded New York City subway train during stay-at-home order.,/factchecks/2020/apr/07/viral-image/image-overcrowded-nyc-subway-car-real/,true
66,David Lewis,"stated on March 26, 2020 in a tweet:",“Pelosi tried to block voter ID/absentee ballot protections.”,/factchecks/2020/apr/07/david-lewis/nc-republican-says-pelosi-tried-block-voter-id-abs/,half-true
67,Donald Trump,"stated on April 1, 2020 in in a White House briefing:","“Now, they’re doing tests on airlines — very strong tests — for getting on, getting off. They’re doing tests on trains — getting on, getting off.”",/factchecks/2020/apr/06/donald-trump/donald-trump-wrong-about-covid-19-testing-airplane/,pants-fire
68,Viral image,"stated on April 2, 2020 in a Facebook post:",“Rivers in Oklahoma are full of catfish carrying the virus.”,/factchecks/2020/apr/06/viral-image/dont-fall-fake-news-report-about-coronavirus-infec/,false
69,Bloggers,"stated on April 5, 2020 in a fake news article:",Says the NBA is asking Donald Trump to “resign or we’ll never play again.”,/factchecks/2020/apr/06/blog-posting/fake-news-website-republishes-satirical-story-abou/,pants-fire
70,Facebook posts,"stated on March 29, 2020 in a Facebook post:","“Unemployment now pays $24/hour, even if your wages were lower. Why don’t ‘essential’ people forced to still work get $24, too?”",/factchecks/2020/apr/06/facebook-posts/big-boost-unemployment-checks-no-pay-hike-workers/,half-true
71,Facebook posts,"stated on April 2, 2020 in a Facebook post:",Says Nostradamus predicted the coronavirus in a 1551 passage about a plague spreading from the east.,/factchecks/2020/apr/06/facebook-posts/no-evidence-nostradamus-predicted-novel-coronaviru/,false
72,Facebook posts,"stated on March 16, 2020 in a Facebook post:","The government is closing businesses to stop the spread of coronavirus even though ""the numbers are nothing compared to H1N1 or Ebola. Everyone needs to realize our government is up to something ...”",/factchecks/2020/apr/06/facebook-posts/fact-checking-viral-pa-facebook-post-coronavirus-s/,pants-fire
73,Bloggers,"stated on April 3, 2020 in a blog post:",“Joe Exotic tests positive for coronavirus in prison. It’s been confirmed.”,/factchecks/2020/apr/03/blog-posting/it-has-not-been-confirmed-joe-exotic-has-covid-19/,false
74,Facebook posts,"stated on March 28, 2020 in a post:",Says a “5G LAW PASSED while everyone was distracted” with the coronavirus pandemic and lists 20 symptoms associated with 5G exposure.,/factchecks/2020/apr/03/facebook-posts/fact-checking-conspiracy-theory-about-5g-and-coron/,barely-true
75,Facebook posts,"stated on March 28, 2020 in a Facebook post:","Says for otherwise healthy people “experiencing mild to moderate respiratory symptoms with or without a COVID-19 diagnosis … only high temperatures kill a virus, so let your fever run high,” but not over 103 or 104 degrees.",/factchecks/2020/apr/03/facebook-posts/letting-fever-run-fight-coronavirus-could-be-risky/,barely-true
76,Facebook posts,"stated on March 28, 2020 in a Facebook post:",Pictures and reports of “empty hospitals” prove COVID-19 spread is “fake crisis for real government planned agendas.”,/factchecks/2020/apr/03/facebook-posts/hospital-beds-being-kept-empty-prepare-covid-influ/,false
77,Joe Biden,"stated on March 27, 2020 in a virtual town hall on CNN:","“There was no effort” to get American experts into China after it announced the coronavirus, and “we had one person in-country (and Trump) pulled him out of the country.”",/factchecks/2020/apr/03/joe-biden/whats-true-whats-not-bidens-attacks-trump-and-gett/,barely-true
78,Facebook posts,"stated on March 30, 2020 in a Facebook post:",Says Nancy Pelosi’s “daughter is on the board of the Kennedy Center so that’s why it was so important to send them all that money.”,/factchecks/2020/apr/03/facebook-posts/nancy-pelosis-daughter-isnt-kennedy-center-board/,false
79,Facebook posts,"stated on March 22, 2020 in a Facebook post:","“In Chicago, Covid-19 actually LOWERED the death rate.”",/factchecks/2020/apr/03/facebook-posts/no-coronavirus-did-not-cause-death-rate-drop-chica/,false
80,Facebook posts,"stated on March 23, 2020 in a Facebook post:","“This lady here applied sanitizer to her hands/forearms & went to the kitchen to cook. The moment she turned on the gas stove, her hands caught fire due to the alcohol contained in the sanitizer.”",/factchecks/2020/apr/03/facebook-posts/dont-let-facebook-post-scare-you-hand-sanitizer-fl/,false
81,Jesse Watters,"stated on March 31, 2020 in comments made during an episode of ""The Five"" on the Fox News Channel:","“We were slow with the testing, but very quick with the travel ban. And that's been much more critical in saving lives.”",/factchecks/2020/apr/03/jesse-watters/are-covid-19-travel-restrictions-more-critical-sav/,false
82,Facebook posts,"stated on March 16, 2020 in a Facebook post:",Says the U.S. is developing an “antivirus” that includes a chip to track your movement.,/factchecks/2020/apr/03/facebook-posts/no-us-isnt-developing-vaccine-or-antivirus-chip-tr/,pants-fire
83,Dan Patrick,"stated on March 31, 2020 in a briefing:","Says for the coronavirus, “the death rate in Texas, per capita of 29 million people, we're one of the lowest in the country.""",/factchecks/2020/apr/03/dan-patrick/now-texas-among-states-lowest-coronavirus-death-ra/,mostly-true
84,Facebook posts,"stated on March 29, 2020 in an image:","Says the governors of Michigan, New York and Nevada “have issued orders banning the prescription of hydroxychloroquine to patients with COVID-19.”",/factchecks/2020/apr/02/facebook-posts/chloroquine-not-banned-michigan-new-york-and-nevad/,false
85,Bloggers,"stated on March 31, 2020 in a blog post:","Says Italy arrested a doctor “for intentionally killing over 3,000 coronavirus patients.”",/factchecks/2020/apr/02/blog-posting/no-italy-didnt-arrest-doctor-murdering-thousands-c/,pants-fire
86,Facebook posts,"stated on March 31, 2020 in a Facebook post:","“On February 7, the WHO warned about the limited stock of PPE. That same day, the Trump administration announced it was sending 18 tons of masks, gowns and respirators to China.”",/factchecks/2020/apr/02/facebook-posts/yes-us-shipped-donated-personal-protective-equipme/,true
87,Bloggers,"stated on March 28, 2020 in a blog post:",“Queen Elizabeth tests positive for COVID-19.”,/factchecks/2020/apr/02/blog-posting/no-reports-queen-elizabeth-tested-positive-covid-1/,false
88,Facebook posts,"stated on March 28, 2020 in a Facebook post:",Says COVID-19 remains in the air for eight hours and that everyone is now required to wear masks “everywhere.”,/factchecks/2020/apr/02/facebook-posts/fact-checking-claims-say-covid-19-airborne/,false
89,Viral image,"stated on March 25, 2020 in a Facebook post:",“if your child gets this virus their going to hospital alone in a van with people they don’t know...to be with people they don’t know… you will be at home without them in their time of need.”,/factchecks/2020/apr/02/viral-image/hospitalized-children-can-have-one-parent-present/,pants-fire
90,Jerome Adams,"stated on March 27, 2020 in a television interview:",“They’re furloughing nurses in hospitals in western New York state.”,/factchecks/2020/apr/02/jerome-adams/hospitals-refute-surgeon-generals-claim-about-nurs/,false
91,Bloggers,"stated on March 24, 2020 in a false news article:","Says President Donald Trump will announce that a scientist ""finally found vaccine to cure corona virus.""",/factchecks/2020/apr/01/blog-posting/spam-news-websites-spread-false-claim-about-corona/,pants-fire
92,Facebook posts,"stated on March 31, 2020 in a Facebook post:","Says Ron Johnson said Americans should go back to work, because ""death is an unavoidable part of life.""",/factchecks/2020/apr/01/facebook-posts/ron-johnson-say-americans-back-work-coronavirus/,half-true
93,Jeff Jackson,"stated on March 19, 2020 in a tweet:","Says North Carolina ""hospital beds are typically 85% full across the state.”",/factchecks/2020/apr/01/jeff-jackson/are-nc-hospital-beds-typically-85-full/,half-true
94,Facebook posts,"stated on March 22, 2020 in a Facebook post:","Says Italian Prime Minister Giuseppe Conte said, “We have lost control, we have killed the epidemic physically and mentally. Can’t understand what more we can do, all solutions are exhausted on ground. Our only hope remains up in the Sky, God rescue your people.”",/factchecks/2020/apr/01/facebook-posts/fabricated-quote-falsely-attributed-italian-prime-/,pants-fire
95,Pat Toomey,"stated on March 28, 2020 in a video on Twitter:",“My mask will keep someone else safe and their mask will keep me safe.”,/factchecks/2020/apr/01/pat-toomey/will-homemade-masks-stop-coronavirus-spreading-fac/,true
96,Brian Fitzpatrick,"stated on March 23, 2020 in comments he made on the radio:","“We’ve got to give the American public a rough estimate of how long we think this is going to take, based mostly on the South Korean model, which seems to be the trajectory that we are on, thankfully, and not the Italian model.”",/factchecks/2020/apr/01/brian-fitzpatrick/pa-congressman-said-us-coronavirus-trajectory-more/,half-true
97,Facebook posts,"stated on March 27, 2020 in social media:","Shows a waitress saying, ""I lost my job. But I'll sleep better knowing” that the coronavirus relief bill included funding for the Kennedy Center, refugee resettlement, PBS, and congressional salaries: “Thanks, Democrats”",/factchecks/2020/mar/31/facebook-posts/facebook-post-shortchanges-relief-bills-assistance/,barely-true
98,Facebook posts,"stated on March 31, 2020 in a Facebook post:",Says students have to repeat the same grade next year.,/factchecks/2020/mar/31/facebook-posts/dont-fall-these-hoaxes-about-students-having-repea/,pants-fire
99,Facebook posts,"stated on March 29, 2020 in a viral post:","Says a study projects Wisconsin’s coronavirus cases will peak on April 26, 2020",/factchecks/2020/mar/31/facebook-posts/wisconsin-coronavirus-cases-peak-april-26-may-22/,mostly-true
100,Donald Trump,"stated on March 30, 2020 in an interview on ""Fox and Friends"":",“We inherited a broken test” for COVID-19.,/factchecks/2020/mar/31/donald-trump/trump-blames-past-administrations-flawed-covid-19-/,pants-fire
101,Facebook posts,"stated on March 30, 2020 in a Facebook post:",Says certain states are banning the sale of alcohol.,/factchecks/2020/mar/30/facebook-posts/no-states-illinois-and-california-arent-banning-al/,false
102,Facebook posts,"stated on March 20, 2020 in a text post:","Says the Coronavirus Aid, Relief, and Economic Security Act gives members of Congress a pay increase.",/factchecks/2020/mar/30/facebook-posts/congress-did-not-give-itself-raise-coronavirus-sti/,pants-fire
103,Donald Trump,"stated on March 29, 2020 in a press conference:","“I didn’t say that” some of the medical equipment that governors are requesting, they don't actually need.",/factchecks/2020/mar/30/donald-trump/reporter-was-right-trump-did-question/,pants-fire
104,Viral image,"stated on March 25, 2020 in a Facebook post:",“COVID literally stands for Chinese Originated Viral Infectious Disease.”,/factchecks/2020/mar/30/viral-image/covid-stands-coronavirus-disease-2019/,pants-fire
105,Facebook posts,"stated on March 19, 2020 in a Facebook post:","Says imposters in hazmat suits are going door to door in Stockton, Calif., saying they are checking residents for fever or COVID-19, but they “will enter your home and physically attempt robbery.”",/factchecks/2020/mar/30/facebook-posts/another-false-claim-robbers-posing-covid-19-tester/,false
106,Turning Point USA,"stated on March 25, 2020 in a Facebook post:","Says Nevada Gov. Steve Sisolak ""has banned the use of an anti-malaria drug that might help cure coronavirus.”",/factchecks/2020/mar/27/turning-point-usa/conservative-group-meme-distorts-nevadas-chloroqui/,barely-true
107,Donald Trump,"stated on March 26, 2020 in a Hannity show interview:","Speaking of his restriction on travel from China, “I had (Joe) Biden calling me xenophobic. … He called me a racist, because of the fact that he felt it was a racist thing to stop people from China coming in.”",/factchecks/2020/mar/27/donald-trump/fact-checking-whether-biden-called-trump-xenophobi/,barely-true
108,Facebook posts,"stated on March 25, 2020 in a Facebook post:",Says to leave objects in the sun to avoid contracting the coronavirus.,/factchecks/2020/mar/27/facebook-posts/still-no-proof-sunlight-kills-new-coronavirus/,false
109,Duey Stroebel,"stated on March 24, 2020 in a tweet:","Says that under order from Gov. Tony Evers, he and his eight children can’t legally have dinner together anymore.",/factchecks/2020/mar/27/duey-stroebel/has-gov-tony-evers-banned-family-dinners-amid-wisc/,half-true
110,Facebook posts,"stated on March 23, 2020 in a Facebook post:",Says the CDC now says that the coronavirus can survive on surfaces for up to 17 days.,/factchecks/2020/mar/26/facebook-posts/theres-no-evidence-covid-19-can-survive-surfaces-1/,false
111,Facebook posts,"stated on March 20, 2020 in a Facebook post:",Says truck drivers are being turned away from fast-food restaurants during the COVID-19 pandemic.,/factchecks/2020/mar/26/facebook-posts/some-fast-food-chains-turn-away-truckers-drive-thr/,mostly-true
112,John Cornyn,"stated on March 18, 2020 in a press conference:","“China is to blame because the culture where people eat bats and snakes and dogs and things like that, these viruses are transmitted from the animal to the people and that's why China has been the source of a lot of these viruses like SARS, like MERS, the Swine Flu and now the coronavirus.”",/factchecks/2020/mar/26/john-cornyn/checking-cornyn-chinese-culture-and-coronavirus/,false
113,Facebook posts,"stated on March 23, 2020 in a Facebook post:",“Donald Trump would receive $17 million for three hotels closed for four days under Republican bill! How in the hell is this right?!”,/factchecks/2020/mar/26/facebook-posts/trump-hotels-would-be-barred-getting-coronavirus-m/,false
114,Facebook posts,"stated on March 21, 2020 in a Facebook post:","“All schools in Canada are closed for the rest of the school year, each family will receive $950 every two weeks for the next 15 weeks, banks were notif(ied) to suspend mortgage payments for at least 6 months, and student loans deferred.”",/factchecks/2020/mar/25/facebook-posts/widespread-facebook-post-overstates-canadian-gover/,half-true
115,Facebook posts,"stated on March 20, 2020 in a Facebook post:",“Australia Closing Borders in a few hours for 6-months”,/factchecks/2020/mar/25/facebook-posts/fact-checking-claim-australias-borders-closure/,half-true
116,Chain message,"stated on March 23, 2020 in a Facebook message:",An audio message lists five ways people can prevent the novel coronavirus.,/factchecks/2020/mar/25/chain-message/audio-shared-facebook-messenger-spreads-false-info/,false
117,Facebook posts,"stated on March 15, 2020 in a Facebook post:",“Bill Gates told us about the coronavirus in 2015.”,/factchecks/2020/mar/25/facebook-posts/bill-gates-warned-2015-we-were-unprepared-infectio/,mostly-true
118,Viral image,"stated on March 16, 2020 in a Facebook post:",Says a military Humvee labeled “COVID-19 quarantine team” was on Interstate 696 in Michigan.,/factchecks/2020/mar/25/viral-image/no-military-doesnt-have-covid-19-quarantine-team-h/,false
119,Facebook posts,"stated on March 21, 2020 in a Facebook post:","""If you are in Las Vegas and you get a knock on your door from NV Power, 2020 Census or CVD-19 testers, do not open your door. They are robbing people at gunpoint.""",/factchecks/2020/mar/25/facebook-posts/beware-rumors-robbers-posing-covid-testers/,false
120,Facebook posts,"stated on March 22, 2020 in a Facebook post:",“Boil some orange peels wit cayenne pepper in it stand over the pot breathe in the steam so all that mucus can release from yo nasal… MUCUS is the problem its where THE VIRUS LIVES!!!”,/factchecks/2020/mar/25/facebook-posts/water-boiled-orange-peels-and-cayenne-pepper-will-/,pants-fire
121,Donald Trump,"stated on March 24, 2020 in a Fox News town hall:","Says N.Y. Gov. Andrew Cuomo “rejected buying recommended 16,000 ventilators in 2015 for the pandemic, for a pandemic, established death panels and lotteries instead. So, he had a chance to buy, in 2015, 16,000 ventilators at a very low price, and he turned it down.”",/factchecks/2020/mar/25/donald-trump/donald-trump-misses-key-facts-claim-new-york-gover/,false
122,Facebook posts,"stated on March 24, 2020 in a Facebook post:",Says Gov. Tony Evers is “pushing firearm confiscation orders”,/factchecks/2020/mar/25/facebook-posts/old-claim-tony-evers-and-gun-confiscation-wrong/,pants-fire
123,Donald Trump,"stated on March 24, 2020 in a campaign ad:",Says Nancy Pelosi’s coronavirus bill includes “tax credits for solar and wind energy … retirement plans for community newspaper employees … $300 million for PBS … climate change studies” and more.,/factchecks/2020/mar/24/donald-trump/trump-campaign-ad-mostly-right-provisions-pelosis-/,mostly-true
124,Bloggers,"stated on March 20, 2020 in an article:",“Fish tank additive may treat coronavirus.”,/factchecks/2020/mar/24/blog-posting/drinking-chloroquine-fish-tank-cleaner-wont-stop-c/,false
125,Chain message,"stated on March 23, 2020 in a video:","""Slices of lemon in a cup of hot water can save your life. The hot lemon can kill the proliferation of"" the novel coronavirus.",/factchecks/2020/mar/24/chain-message/facebook-messenger-video-falsely-claims-hot-lemon-/,false
126,Instagram posts,"stated on March 21, 2020 in an Instagram post:",Says Russia unleashed more than 500 lions on its streets to ensure that people are staying indoors during this pandemic outbreak.,/factchecks/2020/mar/24/instagram-posts/no-russia-didnt-release-lions-enforce-covid-19-sta/,pants-fire
127,JB Pritzker,"stated on March 17, 2020 in remarks at a press conference:",Says it was “unquestionably” not within his “legal authority” to postpone Illinois’ primary election by changing the date or shifting to vote-by-mail.,/factchecks/2020/mar/24/jb-pritzker/did-pritzker-lack-authority-postpone-illinois-prim/,mostly-true
128,Instagram posts,"stated on March 23, 2020 in social media posts:",“Putin has stated: Russian citizens (have) 2 options: Stay home for 15 days or in jail for 5 years.”,/factchecks/2020/mar/24/instagram-posts/putin-didnt-threaten-jail-time-coronavirus-lockdow/,false
129,Facebook posts,"stated on March 17, 2020 in a Facebook post:","""U.S. deaths since 1/22 (2020): COVID-19: 27, flu, 4,700; abortion: 118,000.""",/factchecks/2020/mar/24/facebook-posts/post-leans-flawed-numbers-compare-number-abortions/,barely-true
130,Facebook posts,"stated on March 21, 2020 in a Facebook post:",Quotes Joe Biden as saying “people who have never died before are now dying from coronavirus.”,/factchecks/2020/mar/24/facebook-posts/first-trump-now-biden-neither-said-people-who-have/,pants-fire
131,Chain message,"stated on March 23, 2020 in a Snapchat screenshot:","Says ""special military helicopters will spray pesticide against the Corona virus in the skies all over the country.""",/factchecks/2020/mar/24/chain-message/neighbors-app-spreads-false-rumors-about-mi/,false
132,Facebook posts,"stated on March 15, 2020 in a Facebook post:",Says businesses will give you free baby formula during the coronavirus outbreak.,/factchecks/2020/mar/23/facebook-posts/no-companies-arent-giving-out-free-baby-formula-du/,pants-fire
133,Facebook posts,"stated on March 19, 2020 in a Facebook post:","""Huge! Results From Breaking Chloroquine Study Show 100% Cure Rate For Patients Infected With The Coronavirus.""",/factchecks/2020/mar/23/facebook-posts/100-covid-19-cure-no-chloroquine-effectiveness-onl/,false
134,Facebook posts,"stated on March 15, 2020 in a Facebook post:","“So Oscar Health, the company tapped by Trump to profit from covid tests, is a Kushner company. Imagine that, profits over national safety.”",/factchecks/2020/mar/23/facebook-posts/what-kushner-linked-company-has-do-coronavirus-tes/,half-true
135,Facebook posts,"stated on March 22, 2020 in a Facebook post:",“Go to 2020census.gov and fill out this census form so you can get your stimulus check.”,/factchecks/2020/mar/23/facebook-posts/no-your-census-response-wont-affect-whether-you-ge/,false
136,Dan Crenshaw,"stated on March 13, 2020 in a tweet:",Says longstanding Food and Drug Administration regulations “created barriers to the private industry creating a test quickly” for the coronavirus.,/factchecks/2020/mar/23/dan-crenshaw/did-fda-regulations-slow-testing-coronavirus/,true
137,Facebook posts,"stated on March 19, 2020 in a Facebook post:",“Wisconsin is the only state where all Republicans voted against protecting its citizens.”,/factchecks/2020/mar/20/facebook-posts/yes-wisconsin-only-state-where-all-republicans-opp/,mostly-true
138,Andrew Cuomo,"stated on March 17, 2020 in a news conference:",“No city in the state can quarantine itself without state approval.”,/factchecks/2020/mar/20/andrew-cuomo/cuomo-correctly-says-no-quarantine-without-state-a/,true
139,Marco Rubio,"stated on March 19, 2020 in a tweet:",For coronavirus cases “in the U.S. 38% of those hospitalized are under 35.”,/factchecks/2020/mar/20/marco-rubio/young-people-are-being-hospitalized-covid-19-too-l/,barely-true
140,Chain message,"stated on March 19, 2020 in a text:","The federal government is “preparing to mobilize the national guard,” “dispatch them across the US with military” and “announce a nationwide 1 week quarantine for all citizens.”",/factchecks/2020/mar/20/chain-message/chain-message-wrong-about-national-guard-military-/,false
141,Greg Murphy,"stated on March 16, 2020 in a tweet:",“Sunlight actually can kill the (novel coronavirus.)”,/factchecks/2020/mar/20/greg-murphy/no-sunlight-has-not-been-proven-kill-coronavirus/,false
142,Facebook posts,"stated on March 18, 2020 in an infographic:","2019 coronavirus can live for ""up to 3 hours in the air, up to 4 hours on copper, up to 24 hours on cardboard up to 3 days on plastic and stainless steel.”",/factchecks/2020/mar/20/facebook-posts/covid-19-could-live-3-days-depending-surface/,mostly-true
143,Facebook posts,"stated on March 17, 2020 in a Facebook post:",“People are going door to door in Colorado Springs stating they are COVID testing so they can rob people!!!!”,/factchecks/2020/mar/19/facebook-posts/no-truth-report-about-robbers-posing-coronavirus-t/,false
144,Facebook posts,"stated on March 19, 2020 in a post:","Says ""there is no"" COVID-19 virus.",/factchecks/2020/mar/19/facebook-posts/facebook-users-are-claiming-there-no-coronavirus-s/,pants-fire
145,Donald Trump,"stated on March 14, 2020 in a news conference:","Says that “over a 45-minute period that we had the press conference” on the coronavirus on March 13, 2020, the stock market set ""an all-time record.""",/factchecks/2020/mar/19/donald-trump/stock-market-record-point-rise-followed-record-poi/,half-true
146,David A. Clarke Jr.,"stated on March 15, 2020 in a tweet:",Says coronavirus is just “the damn flu.”,/factchecks/2020/mar/19/david-clarke-jr/former-sheriff-david-clarke-rants-coronavirus-just/,pants-fire
147,Donald Trump,"stated on March 18, 2020 in comments made during a White House media briefing:","The coronavirus ""snuck up on us,” adding that it is “a very unforeseen thing.”",/factchecks/2020/mar/19/donald-trump/was-novel-coronavirus-really-sneaky-its-spread-us-/,pants-fire
148,Facebook posts,"stated on March 18, 2020 in a Facebook post:","Says President Donald Trump said, “People are dying who have never died before.”",/factchecks/2020/mar/19/facebook-posts/no-trump-didnt-say-people-are-dying-who-have-never/,pants-fire
149,Facebook posts,"stated on March 15, 2020 in a text post:","""George Soros owns the WuXi PHARMA LAB located in Wuhan, China where COVID-19 was developed and conveniently Broke Out.""",/factchecks/2020/mar/19/facebook-posts/conspiracy-theory-falsely-connects-george-soros-co/,false
150,Bloggers,"stated on March 13, 2020 in a blog post:",Says the New York Times exposed the “real reason behind coronavirus hype: Crash the market to harm Trump’s re-election chances.”,/factchecks/2020/mar/19/blog-posting/blog-pushes-conspiracy-coronavirus-was-invented-hu/,pants-fire
151,Viral image,"stated on March 18, 2020 in a Facebook post:","Says Donald Trump tweeted, “I ordered the Treasury secretary to send checks to Americans! First however, we will go through your social media history from the last 4 years and search for any post with #NotMyPresident in it. I wouldn’t think of offending you with a check if I’m not your president! #MAGA”",/factchecks/2020/mar/19/viral-image/no-trump-didnt-tweet-about-1000-checks/,pants-fire
152,Donald Trump,"stated on March 17, 2020 in a White House news conference:","“I've always known this is a real, this is a pandemic. I've felt it was a pandemic long before it was called a pandemic.”",/factchecks/2020/mar/18/donald-trump/trump-says-he-always-felt-coronavirus-was-pandemic/,pants-fire
153,Viral image,"stated on March 13, 2020 in a viral image:","“President Trump, COVID-19 coronavirus: U.S. cases 1,329; U.S. deaths, 38; panic level: mass hysteria. President Obama, H1N1 virus: U.S. cases, 60.8 million; U.S. deaths, 12,469; panic level: totally chill. Do you all see how the media can manipulate your life.”",/factchecks/2020/mar/18/viral-image/numbers-suggesting-h1n1-worse-covid-19-are-mislead/,barely-true
154,Facebook posts,"stated on March 14, 2020 in a Facebook post:",“Italy has decided not to treat their elderly for this virus.”,/factchecks/2020/mar/18/facebook-posts/italys-overwhelmed-hospitals-are-treating-elderly-/,barely-true
155,Facebook posts,"stated on March 17, 2020 in a Facebook post:","“All US citizens are entitled to $700 USD per week to stay at home to avoid the spread of COVID-19 novel coronavirus, starting from March 17.”",/factchecks/2020/mar/18/facebook-posts/no-americans-arent-getting-700-weekly-checks-start/,false
156,Ron Paul,"stated on March 16, 2020 in an opinion article:","Says Anthony Fauci’s statement that the coronavirus death rate is 10 times that of the seasonal flu is “a claim without any scientific basis.""",/factchecks/2020/mar/18/ron-paul/ron-paul-wrong-say-no-basis-coronavirus-death-rate/,false
157,Instagram posts,"stated on March 15, 2020 in an image:","""COVID-19 started because we eat animals.""",/factchecks/2020/mar/18/instagram-posts/vegan-instagram-accounts-spread-misinformation-abo/,barely-true
158,Sean Hannity,"stated on March 16, 2020 in a TV segment:","“Now, as it stands, our health care system has adequate ventilators, ICU beds, medical professionals.”",/factchecks/2020/mar/18/sean-hannity/hannity-wrong-health-care-system-ready-coronavirus/,barely-true
159,Facebook posts,"stated on March 11, 2020 in a Facebook post:",“MSNBC actually said on air ‘I hope enough people die from coronavirus that it harms Trump’s re-election.’”,/factchecks/2020/mar/18/facebook-posts/no-msnbc-didnt-say-it-hopes-coronavirus-kills-enou/,false
160,Kelly Alexander,"stated on March 11, 2020 in a tweet:","Says ""most"" NC legislators are in the ""high risk age group"" for coronavirus",/factchecks/2020/mar/18/kelly-alexander/most-nc-legislators-high-risk-age-group-coronaviru/,true
161,Donald Trump,"stated on March 17, 2020 in a White House press conference:",The WHO coronavirus test “was a bad test.”,/factchecks/2020/mar/17/donald-trump/donald-trump-falsely-says-who-coronavirus-test-was/,false
162,Facebook posts,"stated on March 13, 2020 in a Facebook post:",In South Florida “all children and adults must remain in their homes” due to coronavirus.,/factchecks/2020/mar/17/facebook-posts/fact-checking-false-claim-about-lockdowns-south-fl/,pants-fire
163,Facebook posts,"stated on March 16, 2020 in a screenshot:",President Donald Trump “will evoke (sic) what is called the Stafford act” and “order a two week mandatory quarantine for the nation.”,/factchecks/2020/mar/17/facebook-posts/social-posts-are-misinterpreting-federal-disaster-/,false
164,Instagram posts,"stated on March 15, 2020 in a screenshot:","Says Donald Trump “cut funding to the CDC,” “fired the Pandemic Response Team,” “refused WHO tests” and “wasted two weeks calling this outbreak a ‘Democrat hoax.’”",/factchecks/2020/mar/17/instagram-posts/celebrities-are-sharing-misleading-post-about-trum/,barely-true
165,Chain message,"stated on March 16, 2020 in a text:",Donald Trump is “announcing tomorrow that the US is going into quarantine for the next 14 days.”,/factchecks/2020/mar/17/chain-message/fact-checking-chain-message-about-national-quarant/,false
166,Viral image,"stated on March 13, 2020 in a Facebook post:",Says Spectrum will provide free internet to students during coronavirus school closures.,/factchecks/2020/mar/17/viral-image/internet-provider-offer-free-internet-amid-coronav/,true
167,Sherill Sellman,"stated on February 12, 2020 in remarks on the Jim Bakker show:","Silver Solution used on strains of coronavirus ""totally eliminate it. Kills it. Deactivates it.”",/factchecks/2020/mar/17/sherill-sellman/no-silver-solution-wont-cure-coronavirus/,pants-fire
168,Joe Biden,"stated on March 15, 2020 in a Democratic primary debate:",The World Health Organization offered the testing kits that they have available and to give it to us now. We refused them. We did not want to buy them.”,/factchecks/2020/mar/16/joe-biden/biden-falsely-says-trump-administration-rejected-w/,barely-true
169,Facebook posts,"stated on March 9, 2020 in a Facebook post:",“Coronavirus — 22. Clintons — 39.”,/factchecks/2020/mar/16/facebook-posts/no-clintons-arent-responsible-more-deaths-coronavi/,pants-fire
170,Facebook posts,"stated on March 12, 2020 in a Facebook post:",Says COVID-19 came to the United States in 2019.,/factchecks/2020/mar/16/facebook-posts/no-evidence-americans-were-infected-covid-19-fall/,false
171,Bloggers,"stated on March 12, 2020 in a post on the internet:",“The CDC can detain anyone with a fever — indefinitely. … Vaccination (is) a way people could get out of detention.”,/factchecks/2020/mar/16/blog-posting/clarifying-whats-accurate-and-not-claims-about-qua/,false
172,Facebook posts,"stated on March 12, 2020 in a Facebook post:",“‘The Simpsons' predicted Tom Hanks getting coronavirus in 2007.”,/factchecks/2020/mar/16/facebook-posts/simpsons-did-not-predict-tom-hanks-illness-coronav/,false
173,Bloggers,"stated on March 12, 2020 in a story:",Says Nancy Pelosi was “caught trying to include abortion funding in bill to combat coronavirus.”,/factchecks/2020/mar/16/blog-posting/no-pelosi-wasnt-caught-trying-add-abortion-funding/,false
174,Viral image,"stated on March 13, 2020 in a viral image:",Drinking “water a lot and gargling with warm water & salt or vinegar eliminates” the coronavirus.,/factchecks/2020/mar/16/viral-image/gargling-salt-water-can-ease-sore-throat-it-wont-k/,false
175,Joe Biden,"stated on March 3, 2020 in a tweeted video:",Video shows President Donald Trump saying COVID-19 is Democrats’ “new hoax.”,/factchecks/2020/mar/15/joe-biden/ad-watch-biden-video-twists-trumps-words-coronavir/,false
176,Donald Trump,"stated on March 12, 2020 in a tweet:","Says Joe Biden “was in charge of the H1N1 Swine Flu epidemic which killed thousands of people. The response was one of the worst on record. Our response is one of the best, with fast action of border closings & a 78% Approval Rating, the highest on record. His was lowest!""",/factchecks/2020/mar/15/donald-trump/fact-checking-trumps-attacks-obama-biden-swine-flu/,barely-true
177,Michael Dougherty,"stated on March 12, 2020 in a tweet:","“Some states are only getting 50 tests per day, and the Utah Jazz got 58.”",/factchecks/2020/mar/13/michael-dougherty/how-utah-jazz-got-58-coronavirus-tests-when-us-tes/,true
178,Viral image,"stated on March 9, 2020 in a chart:","Says 80% of novel coronavirus cases are ""mild.""",/factchecks/2020/mar/13/viral-image/are-80-percent-coronavirus-cases-mild/,mostly-true
179,Donald Trump,"stated on March 12, 2020 in a tweet:","“During the 2009 swine flu outbreak, Biden made reckless comments unsupported by science & the experts. The Obama Admin had to clean up his mess & apologize for his ineptitude.”",/factchecks/2020/mar/13/donald-trump/fact-checking-trump-campaign-claim-bidens-2009-swi/,mostly-true
180,Viral image,"stated on March 10, 2020 in a Facebook post:",Says you can monitor yourself for COVID-19 with a breath test.,/factchecks/2020/mar/13/viral-image/dont-hold-your-breath-isnt-credible-way-test-coron/,false
181,Facebook posts,"stated on March 7, 2020 in a Facebook post:","“U.S. hospitals are preparing for 96 million coronavirus infections and nearly half a million deaths, leaked documents reveal.”",/factchecks/2020/mar/13/facebook-posts/leaked-documents-dont-prove-us-hospitals-preparing/,false
182,Ainsley Earhardt,"stated on March 13, 2020 in the Fox & Friends show:",“It’s actually the safest time to fly.”,/factchecks/2020/mar/13/ainsley-earhardt/fox-friends-host-says-now-safest-time-fly-its-not/,false
183,Viral image,"stated on March 12, 2020 in a Facebook post:","Says if you donate blood, “they HAVE to test you” for coronavirus.",/factchecks/2020/mar/13/viral-image/no-blood-donors-dont-automatically-get-coronavirus/,false
184,Viral image,"stated on February 27, 2020 in a Facebook post:","""Akira’ is a 1988 movie about an apocalyptic event taking place months before Tokyo 2020 Olympics, showing the (World Health Organization) advising Japan to postpone the Olympics because of a pandemic risk""",/factchecks/2020/mar/13/viral-image/japanese-film-akira-did-not-predict-coronavirus-ou/,false
185,Nancy Pelosi,"stated on March 12, 2020 in a press conference:","Of the Trump administration’s European travel restrictions that exempt the U.K.: “Well, you can just get into the Chunnel, and you’ll be in the U.K.”",/factchecks/2020/mar/12/nancy-pelosi/can-europeans-get-around-trump-travel-ban-going-en/,half-true
186,Joy Behar,"stated on March 9, 2020 in an episode of ABC's ""The View"":","“(Barack Obama) set up anti-pandemic programs in 47 vulnerable countries as a way to protect against something like the coronavirus, exactly. Do you know that Trump closed 37 of them?”",/factchecks/2020/mar/12/joy-behar/view-co-host-wrongly-says-trump-shut-down-37-globa/,false
187,Viral image,"stated on March 12, 2020 in a Facebook post:",Says Tom Hanks has a volleyball to keep him company while he’s quarantined.,/factchecks/2020/mar/12/viral-image/no-tom-hanks-doesnt-have-wilson-volleyball-his-cor/,false
188,Donald Trump,"stated on March 11, 2020 in a White House speech:",The health insurance industry has “agreed to waive all co-payments for coronavirus treatments.”,/factchecks/2020/mar/12/donald-trump/trump-wrongly-said-health-insurance-companies-will/,false
189,Bloggers,"stated on March 11, 2020 in a blog post:",“NYC man drops dead in middle of street — suspected coronavirus!”,/factchecks/2020/mar/12/blog-posting/no-video-doesnt-show-man-dropping-dead-covid-19-ne/,false
190,Bloggers,"stated on March 10, 2020 in a blog post:",“Whole of Italy goes into quarantine.”,/factchecks/2020/mar/12/blog-posting/italy-people-must-stay-home-except-work-or-emergen/,true
191,Viral image,"stated on March 10, 2020 in a Facebook post:",Says Harvard scientists say the coronavirus is “spreading so fast that it will infect 70% of humanity this year.”,/factchecks/2020/mar/11/viral-image/epidemiologist-projects-40-70-adults-could-catch-c/,half-true
192,Donald Trump,"stated on March 6, 2020 in remarks to reporters:",“Anybody that wants a test (for the coronavirus) can get a test.”,/factchecks/2020/mar/11/donald-trump/donald-trumps-wrong-claim-anybody-can-get-tested-c/,pants-fire
193,Facebook posts,"stated on March 6, 2020 in an image:","If the coronavirus gets in your mouth, ""drinking water or other liquids will WASH them down through your esophagus and into the stomach. Once there in tummy ... your stomach ACID will kill all the virus.""",/factchecks/2020/mar/11/facebook-posts/drinking-water-does-not-prevent-coronavirus-infect/,false
194,Facebook posts,"stated on March 9, 2020 in an image:","""Being exposed to the sun for two hours"" kills the 2019 coronavirus.",/factchecks/2020/mar/11/facebook-posts/sun-exposure-does-not-kill-coronavirus/,false
195,Tweets,"stated on March 10, 2020 in in a tweet:",Says Daniel Radcliffe has the coronavirus.,/factchecks/2020/mar/11/tweets/no-daniel-radcliffe-does-not-have-coronavirus/,pants-fire
196,Gae Magnafici,"stated on March 7, 2020 in a tweet:",“More people have died from knowing Hillary” than coronavirus.,/factchecks/2020/mar/11/gae-magnafici/Wisconsin-more-died-hillary-clinton-coronavirus/,pants-fire
197,Facebook posts,"stated on February 28, 2020 in posts on social media:",“Every election year has a disease” ... SARS in 2004; avian flu in 2008; swine flu in 2010; MERS in 2012; Ebola in 2014 and 2018; Zika in 2016 and the coronavirus in 2020.,/factchecks/2020/mar/11/facebook-posts/no-connection-between-us-national-elections-and-in/,false
198,Dr. Drew Pinsky,"stated on February 3, 2020 in a Daily Blast Live segment:",“You’re more likely to die of influenza right now” than the 2019 coronavirus.,/factchecks/2020/mar/10/dr-drew-pinsky/are-you-more-likely-die-flu-coronavirus-its-compli/,half-true
199,Bloggers,"stated on March 6, 2020 in a story:",Says Nancy Pelosi delayed coronavirus funding so “Dems could campaign on it.”,/factchecks/2020/mar/10/blog-posting/fact-checking-claims-pelosi-held-coronavirus-aid/,barely-true
200,Facebook posts,"stated on March 9, 2020 in a Facebook post:",“President Trump has come into contact with a potential coronavirus sufferer!”,/factchecks/2020/mar/10/facebook-posts/headline-ignores-evidence-overstating-trumps-expos/,barely-true
201,YouTube videos,"stated on February 19, 2020 in a YouTube post:",“The coronavirus was invented and patented in the USA and then planted in China.”,/factchecks/2020/mar/10/youtube-videos/coronavirus-was-not-us-invention/,false
202,Facebook posts,"stated on February 22, 2020 in a Facebook post:",“People Of Color May Be Immune To The Coronavirus Because Of Melanin.”,/factchecks/2020/mar/10/facebook-posts/melanin-doesnt-protect-against-coronavirus/,false
203,Facebook posts,"stated on March 1, 2020 in a Facebook post:",The coronavirus is “simply the common cold.”,/factchecks/2020/mar/09/facebook-posts/2019-coronavirus-isnt-common-cold/,false
204,Facebook posts,"stated on March 2, 2020 in a Facebook post:",“Coronavirus Hoax: Fake Virus Pandemic Fabricated to Cover-Up Global Outbreak of 5G Syndrome.”,/factchecks/2020/mar/09/facebook-posts/no-evidence-coronavirus-was-faked-cover-5g-syndrom/,false
205,Mike Pence,"stated on March 4, 2020 in in a press briefing:","“With regard to the cost, let me be very clear: HHS has designated the coronavirus test as an essential health benefit. That means, by definition, it's covered in the private health insurance of every American, as well as covered by Medicare and Medicaid.""",/factchecks/2020/mar/06/mike-pence/pences-statement-about-insurance-coverage-coronavi/,half-true
206,Viral image,"stated on March 5, 2020 in a Facebook post:","Says Donald Trump tweeted, “Corona vaccine from Israel! Stock market up! Economy even stronger now! Besides US, Israel best at inventions: Judaism, olives. Wonderful vaccine, will stop Corona DEAD around world. Can’t make vaccines when being bombed, not have been possible without peace I created in Israel!”",/factchecks/2020/mar/06/viral-image/no-donald-trump-didnt-tweet-israel-has-coronavirus/,false
207,Donald Trump,"stated on March 4, 2020 in an interview:","The Obama administration ""didn't do anything about” swine flu.",/factchecks/2020/mar/06/donald-trump/donald-trump-wrong-saying-barack-obama-did-nothing/,false
208,Donald Trump,"stated on March 4, 2020 in a meeting at the White House:",“The Obama administration made a decision on testing that turned out to be very detrimental to what we’re doing” on the coronavirus.,/factchecks/2020/mar/06/donald-trump/trump-wrongly-blames-obama-limits-coronavirus-test/,false
209,Facebook posts,"stated on March 4, 2020 in an image:","The media “pulled down an entire shelf of goods so that they can present the news of people buying stuff in a hysteria over the coronavirus.""",/factchecks/2020/mar/06/facebook-posts/romanian-conspiracy-theory-migrates-us-amid-corona/,pants-fire
210,Facebook posts,"stated on February 27, 2020 in a Facebook post:",Starting in March if you travel outside of the United States you won’t be allowed back in the country “due to high risk of the coronavirus.”,/factchecks/2020/mar/06/facebook-posts/false-claim-embellishes-us-travel-restrictions-due/,false
211,Facebook posts,"stated on March 4, 2020 in a Facebook post:","“The State of Florida has announced measures that all workplaces with 10 employees or more are to have paid mandatory leave to avoid the spread of COVID-19 coronavirus starting on March 6, 2020. All schools are to close for 2 weeks also from March 6th.”",/factchecks/2020/mar/05/facebook-posts/no-statewide-school-and-business-closures-florida-/,false
212,Bloggers,"stated on March 3, 2020 in a story:",Says the Vatican reports that Pope Francis tested negative for the coronavirus before a second test came back positive.,/factchecks/2020/mar/05/blog-posting/blog-falsely-claims-pope-francis-tested-positive-s/,false
213,Facebook posts,"stated on March 2, 2020 in a Facebook post:",Quotes Sen. Lindsey Graham as saying President Trump “probably knows more about medicine and specifically viruses than any of the so-called scientists at the NIH and CDC.”,/factchecks/2020/mar/05/facebook-posts/lindsey-graham-quote-trump-knowing-more-about-viru/,pants-fire
214,Lou Dobbs,"stated on March 2, 2020 in a TV interview:","The United States is “actually screening fewer people (for the coronavirus than other countries) because we don't have appropriate testing.""",/factchecks/2020/mar/04/lou-dobbs/lou-dobbs-says-united-states-screening-fewer-peopl/,mostly-true
215,Facebook posts,"stated on February 27, 2020 in a Facebook post:","“The blood test for coronavirus costs $3,200.”",/factchecks/2020/mar/04/facebook-posts/coronavirus-testing-free-there-could-be-other-cost/,barely-true
216,Facebook posts,"stated on March 4, 2020 in a post on Facebook:","“Man visited Albany, N.Y. days before dying from coronavirus.”",/factchecks/2020/mar/04/facebook-posts/coronavirus-not-linked-upstate-new-york-chinese-re/,false
217,Facebook posts,"stated on February 29, 2020 in a Facebook post:",Says President Barack Obama “waited six months to call swine flu an emergency after thousands died.”,/factchecks/2020/mar/04/facebook-posts/president-obama-declared-h1n1-public-health-emerge/,false
218,Viral image,"stated on March 2, 2020 in a Facebook post:","Says two patients at Valley Regional Medical Center in Brownsville, Texas, “are being looked at” for possible coronavirus infections.",/factchecks/2020/mar/03/viral-image/no-brownsville-texas-hospital-isnt-treating-two-co/,false
219,Instagram posts,"stated on March 1, 2020 in an Instagram post:",Says no one has died from the coronavirus in the United States.,/factchecks/2020/mar/03/instagram-posts/nine-people-have-died-coronavirus-united-states/,false
220,YouTube videos,"stated on February 24, 2020 in a Facebook post:",Says President Donald Trump spawned the “Wuhan super virus outbreak under code name ‘zyphr.’”,/factchecks/2020/mar/03/youtube-videos/no-trump-did-not-create-coronavirus/,pants-fire
221,Viral image,"stated on March 1, 2020 in a Facebook post:",“Shands Hospital of Gainesville Florida has confirmed its first case of coronavirus.”,/factchecks/2020/mar/03/viral-image/shands-hospital-gainesville-florida-hasnt-confirme/,false
222,Facebook posts,"stated on February 28, 2020 in a Facebook post:",“The coronavirus has made it to Mississippi and the lady that caught it wasn’t around nobody with it which means it is airborne. That means if the wind blows it your direction you’ll have it also.”,/factchecks/2020/mar/03/facebook-posts/there-are-no-confirmed-coronavirus-cases-mississip/,false
223,Viral image,"stated on March 1, 2020 in a Facebook post:",Says a photo shows a man wearing a “government issue Saint Laurent hazardous materials suit.”,/factchecks/2020/mar/03/viral-image/photo-florida-intern-hazmat-suit-due-coronavirus-p/,false
224,Facebook posts,"stated on January 27, 2020 in a Facebook post:",“In ‘Resident Evil’ the Umbrella Corporation releases a virus that infects the people of Raccoon City. A biological research lab with the exact same logo as the Umbrella Corporation can be found in the city where the coronavirus outbreak originated.”,/factchecks/2020/mar/03/facebook-posts/viral-image-draws-misleading-parallel-between-coro/,false
225,Facebook posts,"stated on March 2, 2020 in an image:","""Sanitizer will do nothing for the coronavirus.""",/factchecks/2020/mar/03/facebook-posts/hand-sanitizer-can-be-used-prevent-coronavirus-inf/,false
226,Facebook posts,"stated on February 27, 2020 in a Facebook post:","”America has been vaccinating cattle for coronavirus for years, yet the news tells you it’s new and gunna kill you all so go buy mask.”",/factchecks/2020/mar/02/facebook-posts/bovine-coronavirus-vaccine-wont-help-humans/,false
227,YouTube videos,"stated on February 29, 2020 in a YouTube video:",Says the Vatican confirmed that Pope Francis and two aides tested positive for coronavirus.,/factchecks/2020/mar/02/youtube-videos/false-video-says-pope-francis-has-coronavirus/,pants-fire
228,YourContent,"stated on March 1, 2020 in an article:",“Florida hospital reports a coronavirus ‘infestation’ with multiple confirmed patients.”,/factchecks/2020/mar/02/yourcontent/false-news-site-publishes-unproven-story-about-flo/,false
229,Facebook posts,"stated on February 28, 2020 in a Facebook post:","""Poll Finds 38% of Americans Say They Will Not Drink Corona Beer Because of Virus.""",/factchecks/2020/mar/02/facebook-posts/no-poll-does-not-say-38-americans-wont-drink-coron/,false
230,Chad Wolf,"stated on February 25, 2020 in an exchange during a Senate appropriations subcommittee hearing:",The mortality rate for the flu is “right around” that of the new coronavirus: “It’s right around 2%.”,/factchecks/2020/mar/02/chad-wolf/n-exchange-about-coronavirus-homeland-security-chi/,false
231,Bloggers,"stated on February 26, 2020 in an Internet post:",“Hair weave and lace fronts manufactured in China may contain the coronavirus.”,/factchecks/2020/feb/29/blog-posting/hair-extensions-arent-source-2019-coronavirus/,pants-fire
232,Facebook posts,"stated on January 27, 2020 in a Facebook post:",Says the coronavirus can be slowed or stopped with the “immediate widespread use of high doses of vitamin C.”,/factchecks/2020/feb/29/facebook-posts/no-vitamin-c-cannot-slow-or-stop-spread-coronaviru/,false
233,Charlie Kirk,"stated on February 24, 2020 in a tweet:",“Three Chinese nationals were apprehended trying to cross our Southern border illegally. Each had flu-like symptoms. Border Patrol quickly quarantined them and assessed any threat of coronavirus.”,/factchecks/2020/feb/28/charlie-kirk/checking-tweet-about-chinese-people-detained-flu-s/,mostly-true
234,Facebook posts,"stated on February 26, 2020 in a satirical website screenshot:",“Corona virus: Florida man arrested for robbery using cough as a weapon.”,/factchecks/2020/feb/28/facebook-posts/no-coronavirus-disease-was-not-used-weapon-robbery/,pants-fire
235,Michael Bloomberg,"stated on February 26, 2020 in a CNN town hall:","Says of President Donald Trump’s actions on the coronavirus: “No. 1, he fired the pandemic team two years ago. No. 2, he's been defunding the Centers for Disease Control.”",/factchecks/2020/feb/28/michael-bloomberg/did-donald-trump-fire-pandemic-officials-defund-cd/,half-true
236,Facebook posts,"stated on February 26, 2020 in online posts:",Says the CDC recommends men shave their beards to protect against coronavirus.,/factchecks/2020/feb/27/facebook-posts/no-cdc-isnt-recommending-men-shave-their-beard-pro/,false
237,Rush Limbaugh,"stated on February 24, 2020 in an episode of his radio show:","“The coronavirus is the common cold, folks.”",/factchecks/2020/feb/27/rush-limbaugh/fact-checking-rush-limbaughs-misleading-claim-new-/,false
238,Facebook posts,"stated on November 15, 2019 in a Facebook post:",“If you have the Flu… get these two items… Sambucol (and) Oscillococcinum… in 48 hours you will feel better. In 72 hours you will be almost symptom-free.”,/factchecks/2020/feb/27/facebook-posts/homeopathic-supplements-are-not-proven-treat-flu/,barely-true
239,Viral image,"stated on February 20, 2020 in a Facebook post:",Says “The Simpsons” predicted the coronavirus.,/factchecks/2020/feb/27/viral-image/doh-simpsons-didnt-predict-coronavirus/,pants-fire
